error,position
train/10612.jpg,40
train/10831.jpg,497
train/10862.jpg,501
train/10781.jpg,506
train/10657.jpg,533
train/10621.jpg,576
train/10611.jpg,961
train/10655.jpg,1067
train/10785.jpg,1229
train/10699.jpg,1332
train/10734.jpg,1449
train/10809.jpg,1555
train/10658.jpg,1921
train/10804.jpg,2080
train/10603.jpg,2432
train/10590.jpg,2467
train/10726.jpg,2801
train/10745.jpg,3157
train/10608.jpg,3901
train/10751.jpg,3921
train/10769.jpg,4383
train/10635.jpg,4542
train/10587.jpg,4779
train/10786.jpg,5107
train/10712.jpg,5396
train/10686.jpg,5939
train/10771.jpg,6036
train/10689.jpg,6037
train/10866.jpg,6097
train/10643.jpg,6102
train/10578.jpg,6799
train/10768.jpg,7164
train/10597.jpg,7281
train/10613.jpg,7397
train/10817.jpg,8437
train/10845.jpg,9032
train/10746.jpg,9111
train/10859.jpg,9176
train/10821.jpg,9649
train/10679.jpg,10001
train/10747.jpg,10744
train/10641.jpg,11263
train/10846.jpg,11519
train/10790.jpg,11835
train/10764.jpg,12132
train/10778.jpg,12270
train/10636.jpg,12588
train/10637.jpg,12704
train/10595.jpg,12895
train/10652.jpg,13335
train/10758.jpg,13435
train/10701.jpg,14227
train/10841.jpg,14380
train/10806.jpg,14966
train/10733.jpg,15206
train/10816.jpg,15383
train/10660.jpg,15445
train/10837.jpg,15876
train/10739.jpg,15941
train/10774.jpg,16449
train/10693.jpg,17438
train/10717.jpg,17610
train/10622.jpg,17810
train/10685.jpg,18391
train/10857.jpg,18649
train/10681.jpg,19010
train/10863.jpg,20065
train/10842.jpg,20076
train/10844.jpg,21052
train/10659.jpg,21102
train/10839.jpg,22187
train/10667.jpg,23001
train/10707.jpg,23020
train/10803.jpg,23082
train/10704.jpg,23949
train/10818.jpg,24335
train/10666.jpg,24675
train/10827.jpg,24826
train/10856.jpg,25580
train/10721.jpg,25918
train/10787.jpg,26313
train/10618.jpg,26443
train/10674.jpg,27356
train/10773.jpg,27455
train/10834.jpg,27905
train/10649.jpg,28034
train/10811.jpg,28531
train/10605.jpg,28571
train/10682.jpg,28588
train/10606.jpg,28647
train/10767.jpg,29126
train/10589.jpg,29435
train/10796.jpg,29877
train/10742.jpg,30476
train/10665.jpg,30603
train/10664.jpg,30771
train/10807.jpg,31371
train/10684.jpg,31491
train/10651.jpg,31492
train/10843.jpg,31665
train/10688.jpg,32034
train/10648.jpg,32284
train/10760.jpg,32790
train/10633.jpg,32864
train/10617.jpg,33105
train/10784.jpg,33801
train/10789.jpg,34150
train/10762.jpg,34276
train/10864.jpg,34626
train/10814.jpg,35103
train/10728.jpg,35107
train/10626.jpg,35344
train/10752.jpg,36143
train/10629.jpg,36574
train/10829.jpg,37712
train/10620.jpg,37820
train/10584.jpg,37851
train/10850.jpg,37960
train/10720.jpg,38074
train/10661.jpg,38372
train/10580.jpg,38662
train/10602.jpg,38723
train/10755.jpg,39443
train/10687.jpg,39555
train/10724.jpg,39837
train/10779.jpg,40358
train/10676.jpg,40601
train/10709.jpg,40694
train/10838.jpg,41516
train/10638.jpg,41610
train/10692.jpg,41710
train/10794.jpg,41959
train/10650.jpg,42783
train/10788.jpg,43520
train/10656.jpg,45247
train/10815.jpg,45372
train/10792.jpg,45440
train/10671.jpg,45463
train/10616.jpg,45965
train/10708.jpg,46116
train/10592.jpg,46202
train/10610.jpg,46240
train/10741.jpg,46819
train/10770.jpg,46964
train/10832.jpg,47025
train/10673.jpg,49089
train/10599.jpg,49250
train/10669.jpg,49467
train/10776.jpg,49468
train/10736.jpg,49669
train/10735.jpg,49853
train/10793.jpg,50157
train/10642.jpg,50285
train/10624.jpg,51129
train/10798.jpg,51420
train/10833.jpg,52312
train/10819.jpg,53203
train/10761.jpg,53321
train/10718.jpg,54165
train/10825.jpg,54686
train/10630.jpg,54863
train/10740.jpg,55387
train/10753.jpg,55405
train/10594.jpg,55542
train/10711.jpg,55822
train/10591.jpg,56217
train/10743.jpg,56241
train/10822.jpg,56310
train/10855.jpg,56421
train/10780.jpg,56666
train/10738.jpg,57245
train/10713.jpg,57375
train/10849.jpg,57771
train/10579.jpg,57804
train/10860.jpg,57823
train/10830.jpg,57885
train/10627.jpg,57929
train/10795.jpg,58410
train/10646.jpg,58567
train/10750.jpg,58733
train/10828.jpg,58904
train/10727.jpg,59299
train/10836.jpg,59543
train/10625.jpg,59716
train/10694.jpg,60637
train/10582.jpg,60931
train/10670.jpg,61506
train/10663.jpg,61626
train/10619.jpg,62297
train/10710.jpg,62351
train/10851.jpg,62449
train/10577.jpg,62620
train/10653.jpg,64077
train/10631.jpg,64212
train/10854.jpg,64691
train/10675.jpg,65439
train/10672.jpg,65480
train/10654.jpg,65723
train/10719.jpg,65887
train/10700.jpg,65919
train/10614.jpg,66593
train/10609.jpg,66688
train/10754.jpg,66966
train/10861.jpg,67049
train/10645.jpg,67390
train/10732.jpg,68150
train/10634.jpg,68216
train/10824.jpg,70090
train/10697.jpg,70251
train/10840.jpg,70823
train/10777.jpg,71396
train/10765.jpg,71874
train/10810.jpg,72336
train/10678.jpg,72760
train/10716.jpg,72774
train/10683.jpg,72953
train/10852.jpg,73365
train/10729.jpg,73533
train/10756.jpg,73689
train/10581.jpg,73706
train/10725.jpg,74598
train/10677.jpg,75537
train/10835.jpg,76246
train/10775.jpg,76428
train/10596.jpg,77032
train/10731.jpg,77316
train/10730.jpg,78000
train/10585.jpg,78155
train/10801.jpg,78286
train/10791.jpg,78813
train/10706.jpg,78867
train/10782.jpg,79489
train/10858.jpg,80153
train/10813.jpg,80385
train/10623.jpg,80430
train/10759.jpg,80703
train/10848.jpg,80734
train/10598.jpg,81538
train/10823.jpg,81609
train/10805.jpg,82325
train/10588.jpg,82519
train/10802.jpg,82819
train/10714.jpg,83408
train/10647.jpg,83572
train/10662.jpg,83746
train/10696.jpg,83986
train/10812.jpg,84427
train/10867.jpg,84572
train/10639.jpg,85132
train/10601.jpg,85539
train/10820.jpg,86056
train/10705.jpg,86454
train/10763.jpg,86539
train/10668.jpg,86821
train/10826.jpg,86986
train/10766.jpg,87847
train/10865.jpg,87934
train/10703.jpg,89166
train/10680.jpg,90034
train/10607.jpg,90065
train/10744.jpg,91054
train/10600.jpg,91452
train/10800.jpg,92196
train/10797.jpg,92330
train/10702.jpg,92417
train/10691.jpg,93025
train/10799.jpg,93296
train/10644.jpg,93309
train/10772.jpg,93686
train/10737.jpg,93781
train/10615.jpg,93983
train/10749.jpg,94051
train/10808.jpg,94528
train/10715.jpg,94866
train/10847.jpg,94966
train/10632.jpg,95098
train/10640.jpg,95336
train/10698.jpg,96012
train/10757.jpg,96157
train/10586.jpg,96210
train/10722.jpg,96245
train/10748.jpg,96485
train/10593.jpg,96702
train/10628.jpg,96889
train/10723.jpg,97292
train/10690.jpg,97672
train/10783.jpg,98424
train/10853.jpg,99249
train/10604.jpg,99767
train/10695.jpg,99822
train/10583.jpg,99858
